{
	"partitions" : [
		{
			"name" : "Top",
			"pins" : [
				{
					"name" : "FBaud_out",
					"strict" : false
				},
				{
					"name" : "EOT",
					"strict" : false
				},
				{
					"name" : "Tx",
					"strict" : false
				},
				{
					"name" : "CLK",
					"strict" : false
				},
				{
					"name" : "NBaud[1]",
					"strict" : false
				},
				{
					"name" : "NBaud[2]",
					"strict" : false
				},
				{
					"name" : "NBaud[0]",
					"strict" : false
				},
				{
					"name" : "NBaud[3]",
					"strict" : false
				},
				{
					"name" : "RST",
					"strict" : false
				},
				{
					"name" : "STR",
					"strict" : false
				},
				{
					"name" : "DATAWR[7]",
					"strict" : false
				},
				{
					"name" : "DATAWR[3]",
					"strict" : false
				},
				{
					"name" : "DATAWR[2]",
					"strict" : false
				},
				{
					"name" : "DATAWR[4]",
					"strict" : false
				},
				{
					"name" : "DATAWR[5]",
					"strict" : false
				},
				{
					"name" : "DATAWR[0]",
					"strict" : false
				},
				{
					"name" : "DATAWR[1]",
					"strict" : false
				},
				{
					"name" : "DATAWR[6]",
					"strict" : false
				}
			]
		}
	]
}