{
	"partitions" : [
		{
			"name" : "Top",
			"pins" : [
				{
					"name" : "RTR_out",
					"strict" : false
				},
				{
					"name" : "Stop_out",
					"strict" : false
				},
				{
					"name" : "FBaud_out",
					"strict" : false
				},
				{
					"name" : "Q_out[0]",
					"strict" : false
				},
				{
					"name" : "Q_out[1]",
					"strict" : false
				},
				{
					"name" : "Q_out[2]",
					"strict" : false
				},
				{
					"name" : "Q_out[3]",
					"strict" : false
				},
				{
					"name" : "Q_out[4]",
					"strict" : false
				},
				{
					"name" : "Q_out[5]",
					"strict" : false
				},
				{
					"name" : "Q_out[6]",
					"strict" : false
				},
				{
					"name" : "Q_out[7]",
					"strict" : false
				},
				{
					"name" : "S[0]",
					"strict" : false
				},
				{
					"name" : "S[1]",
					"strict" : false
				},
				{
					"name" : "S[2]",
					"strict" : false
				},
				{
					"name" : "S[3]",
					"strict" : false
				},
				{
					"name" : "S[4]",
					"strict" : false
				},
				{
					"name" : "S[5]",
					"strict" : false
				},
				{
					"name" : "S[6]",
					"strict" : false
				},
				{
					"name" : "S[7]",
					"strict" : false
				},
				{
					"name" : "S[8]",
					"strict" : false
				},
				{
					"name" : "S[9]",
					"strict" : false
				},
				{
					"name" : "S[10]",
					"strict" : false
				},
				{
					"name" : "S[11]",
					"strict" : false
				},
				{
					"name" : "S[12]",
					"strict" : false
				},
				{
					"name" : "S[13]",
					"strict" : false
				},
				{
					"name" : "CLK",
					"strict" : false
				},
				{
					"name" : "RST",
					"strict" : false
				},
				{
					"name" : "NBaud[0]",
					"strict" : false
				},
				{
					"name" : "NBaud[2]",
					"strict" : false
				},
				{
					"name" : "NBaud[3]",
					"strict" : false
				},
				{
					"name" : "NBaud[1]",
					"strict" : false
				},
				{
					"name" : "Rx",
					"strict" : false
				}
			]
		}
	]
}